{"cameraMode":{"drawMode":0,"name":"Shaded","section":"Shading Mode"},"sceneLighting":false,"audioPlay":false,"sceneViewState":{"m_AlwaysRefresh":false,"showFog":true,"showSkybox":true,"showFlares":true,"showImageEffects":true,"showParticleSystems":true,"showVisualEffectGraphs":true,"m_FxEnabled":true},"in2DMode":false,"pivot":{"x":9.657413482666016,"y":1.793330192565918,"z":16.778121948242189},"rotation":{"x":0.09002542495727539,"y":0.4169079065322876,"z":-0.041539762169122699,"w":0.9035323262214661},"size":1.1971317529678345,"orthographic":false}